path_name,noise_level,loss,relative_loss
causal,9.999999999999999e-06,0.30936727206707,1.0000501098496275
causal,9.999999999999999e-06,0.3093584496259689,1.0000215907269248
causal,9.999999999999999e-06,0.30930165977478025,0.9998380137876445
causal,9.999999999999999e-06,0.3092917647600174,0.9998060274998435
causal,9.999999999999999e-06,0.3093317428827286,0.9999352594180803
causal,9.999999999999999e-06,0.3093501804113388,0.9999948599452751
causal,9.999999999999999e-06,0.3092954859495163,0.9998180564903125
causal,9.999999999999999e-06,0.3093729276418686,1.0000683918681512
causal,9.999999999999999e-06,0.3093536436796188,1.000006055188394
causal,9.999999999999999e-06,0.30931549174785616,0.9998827265528365
causal,1.623776739188721e-05,0.30932128443717954,0.9999014518031044
causal,1.623776739188721e-05,0.3092702121496201,0.999736357265331
causal,1.623776739188721e-05,0.30942246177196503,1.0002285142104834
causal,1.623776739188721e-05,0.3092880774259567,0.9997941079493112
causal,1.623776739188721e-05,0.30934304611682895,0.9999717978677624
causal,1.623776739188721e-05,0.3093611866950989,1.0000304384833982
causal,1.623776739188721e-05,0.3093534588098526,1.0000054575846826
causal,1.623776739188721e-05,0.30930059027671813,0.9998345565646249
causal,1.623776739188721e-05,0.3093461642742157,0.9999818775171587
causal,1.623776739188721e-05,0.30929429924488067,0.9998142203893143
causal,2.6366508987303552e-05,0.3093383274078369,0.9999565443297449
causal,2.6366508987303552e-05,0.3093597569227219,1.0000258166498954
causal,2.6366508987303552e-05,0.3094076915740967,1.0001807685717736
causal,2.6366508987303552e-05,0.3093781318664551,1.0000852148673478
causal,2.6366508987303552e-05,0.30933703982830046,0.999952382143977
causal,2.6366508987303552e-05,0.30943079323768613,1.0002554462228903
causal,2.6366508987303552e-05,0.30943588082790374,1.0002718921937972
causal,2.6366508987303552e-05,0.30943706815242766,1.0002757302986254
causal,2.6366508987303552e-05,0.30923267002105714,0.9996149998588333
causal,2.6366508987303552e-05,0.309392488861084,1.0001316247993353
causal,4.281332398719396e-05,0.30927523131370543,0.9997525820442528
causal,4.281332398719396e-05,0.30933857464790343,0.9999573435495656
causal,4.281332398719396e-05,0.3092537866353989,0.9996832607073419
causal,4.281332398719396e-05,0.30927463593482973,0.9997506574427717
causal,4.281332398719396e-05,0.30950198905467985,1.0004855913967146
causal,4.281332398719396e-05,0.3094832115650177,1.0004248919229988
causal,4.281332398719396e-05,0.30955780889987944,1.0006660327276629
causal,4.281332398719396e-05,0.30944565148353576,1.0003034764825063
causal,4.281332398719396e-05,0.30943820374011993,1.000279401160733
causal,4.281332398719396e-05,0.30931254489421844,0.9998732006541063
causal,6.951927961775604e-05,0.30901031193733214,0.9988962126885894
causal,6.951927961775604e-05,0.3092420550107956,0.9996453374571066
causal,6.951927961775604e-05,0.3093614065885544,1.0000311493034952
causal,6.951927961775604e-05,0.309481694316864,1.0004199873182789
causal,6.951927961775604e-05,0.30935102219581606,0.9999975810691139
causal,6.951927961775604e-05,0.3091425054550171,0.9993235369527204
causal,6.951927961775604e-05,0.3091361010313034,0.9993028342306916
causal,6.951927961775604e-05,0.3095385348320007,1.0006037280321125
causal,6.951927961775604e-05,0.3095726531267166,1.0007140176698965
causal,6.951927961775604e-05,0.3098422438383102,1.001585487424736
causal,0.00011288378916846884,0.30898190166950223,0.9988043746241609
causal,0.00011288378916846884,0.3095479644298553,1.0006342098290633
causal,0.00011288378916846884,0.31041842074394227,1.0034480172712843
causal,0.00011288378916846884,0.30909216187000277,0.9991607979939824
causal,0.00011288378916846884,0.30979120337963106,1.0014204957759174
causal,0.00011288378916846884,0.3088562601566315,0.9983982301476992
causal,0.00011288378916846884,0.30949907698631285,1.0004761779436662
causal,0.00011288378916846884,0.3097286702156067,1.001218353199122
causal,0.00011288378916846884,0.30940305094718934,1.0001657674392446
causal,0.00011288378916846884,0.30951944003105164,1.000542002828735
causal,0.00018329807108324357,0.30864980609416964,0.9977308537750651
causal,0.00018329807108324357,0.3095043259382248,1.000493145526892
causal,0.00018329807108324357,0.30936264226436616,1.00003514370705
causal,0.00018329807108324357,0.309237486410141,0.9996305691541896
causal,0.00018329807108324357,0.30900267264842984,0.9988715181833987
causal,0.00018329807108324357,0.30948944680690765,1.0004450477536246
causal,0.00018329807108324357,0.3098789735078812,1.0017042185039602
causal,0.00018329807108324357,0.3105045776844025,1.003726525263406
causal,0.00018329807108324357,0.31009483065605165,1.0024019909712847
causal,0.00018329807108324357,0.3093091709136963,0.9998622940395533
causal,0.00029763514416313193,0.30991959702968597,1.0018355367173313
causal,0.00029763514416313193,0.3100083568096161,1.0021224585596977
causal,0.00029763514416313193,0.30842292382717135,0.9969974418840186
causal,0.00029763514416313193,0.30962404203414917,1.000880135702291
causal,0.00029763514416313193,0.30932482221126556,0.9999128878911551
causal,0.00029763514416313193,0.30916927754879,0.9994100795114713
causal,0.00029763514416313193,0.3092640063524246,0.999716296616622
causal,0.00029763514416313193,0.30970289034843446,1.0011350180782954
causal,0.00029763514416313193,0.3095737709760666,1.000717631191643
causal,0.00029763514416313193,0.3101249950408936,1.0024994993346392
causal,0.0004832930238571752,0.310378874206543,1.0033201804810314
causal,0.0004832930238571752,0.3102931441307068,1.003043052356959
causal,0.0004832930238571752,0.3096401806354523,1.0009323047953502
causal,0.0004832930238571752,0.3111241424560547,1.005729309248311
causal,0.0004832930238571752,0.3134193108558655,1.0131485924679549
causal,0.0004832930238571752,0.3113689628601074,1.0065207073504132
causal,0.0004832930238571752,0.3132444530010223,1.0125833529202304
causal,0.0004832930238571752,0.31211019282341,1.0089167820911953
causal,0.0004832930238571752,0.3098557524442673,1.00162915488439
causal,0.0004832930238571752,0.3142618715286255,1.0158722254098582
causal,0.0007847599703514606,0.3113794162750244,1.006554498703539
causal,0.0007847599703514606,0.3121867610216141,1.0091642938415928
causal,0.0007847599703514606,0.3116864588499069,1.007547034076425
causal,0.0007847599703514606,0.30993695344924926,1.0018916424882325
causal,0.0007847599703514606,0.3145919272422791,1.016939152271547
causal,0.0007847599703514606,0.317825709605217,1.0273925670289579
causal,0.0007847599703514606,0.31637175521850586,1.0226925635850526
causal,0.0007847599703514606,0.31613720879554746,1.0219343768044111
causal,0.0007847599703514606,0.3154183961391449,1.0196107674866135
causal,0.0007847599703514606,0.31581832990646364,1.02090357976526
causal,0.0012742749857031334,0.3191080738306046,1.0315378939599464
causal,0.0012742749857031334,0.3282502287149429,1.0610905125522672
causal,0.0012742749857031334,0.32749808700084687,1.058659164857411
causal,0.0012742749857031334,0.32355649526119235,1.0459177096094578
causal,0.0012742749857031334,0.3226735574245453,1.0430635548224
causal,0.0012742749857031334,0.31280030428171157,1.0111476128932764
causal,0.0012742749857031334,0.3279094580411911,1.059988948875405
causal,0.0012742749857031334,0.3261226131439209,1.054212854901858
causal,0.0012742749857031334,0.3209802478551865,1.037589819965018
causal,0.0012742749857031334,0.31957933526039123,1.0330612776116077
causal,0.00206913808111479,0.34480955476760866,1.1146196261115515
causal,0.00206913808111479,0.3405259339809418,1.1007725394121812
causal,0.00206913808111479,0.3437866584777832,1.1113130463942797
causal,0.00206913808111479,0.34247202928066256,1.1070634208142764
causal,0.00206913808111479,0.3316963178396225,1.0722302229187222
causal,0.00206913808111479,0.3580775438785553,1.1575092759417676
causal,0.00206913808111479,0.34434033358097077,1.1131028376804235
causal,0.00206913808111479,0.35795737957954404,1.1571208369203312
causal,0.00206913808111479,0.3360658405303955,1.0863549931883798
causal,0.00206913808111479,0.3500258046865463,1.1314814979882437
causal,0.003359818286283781,0.44949223647117614,1.4530132985822135
causal,0.003359818286283781,0.4268692923307419,1.3798831396562286
causal,0.003359818286283781,0.47271359038352967,1.5280778565612865
causal,0.003359818286283781,0.44123871755599975,1.4263332543660991
causal,0.003359818286283781,0.45681694231033326,1.4766908932745093
causal,0.003359818286283781,0.43582686722278596,1.4088390912503352
causal,0.003359818286283781,0.46482049210071563,1.5025628958091652
causal,0.003359818286283781,0.40780958933830264,1.3182713927382874
causal,0.003359818286283781,0.4775460841417313,1.5436992113395303
causal,0.003359818286283781,0.41166891956329343,1.3307469322149108
causal,0.005455594781168514,1.882441856956482,6.085117450389962
causal,0.005455594781168514,1.1728007354736327,3.7911557240866047
causal,0.005455594781168514,1.214552130317688,3.9261198614408643
causal,0.005455594781168514,1.6649106344223021,5.381933427278856
causal,0.005455594781168514,1.293987441253662,4.182899742831284
causal,0.005455594781168514,0.9966371867179871,3.2216954346789066
causal,0.005455594781168514,0.9985251554489136,3.2277984181139048
causal,0.005455594781168514,1.116811077594757,3.6101654624532613
causal,0.005455594781168514,2.1578677753448487,6.975449896027605
causal,0.005455594781168514,1.6017309280395509,5.177700859670218
causal,0.008858667904100823,5.955681903076172,19.252134531249073
causal,0.008858667904100823,8.10088399658203,26.18664177542546
causal,0.008858667904100823,19.2536780670166,62.23878413924457
causal,0.008858667904100823,7.569612088012695,24.469270293384525
causal,0.008858667904100823,3.24684683303833,10.495646518617374
causal,0.008858667904100823,3.6287636749267578,11.7302178975871
causal,0.008858667904100823,4.07393313293457,13.169257529697557
causal,0.008858667904100823,11.79600965270996,38.131379153844016
causal,0.008858667904100823,4.674466232299805,15.11052037878891
causal,0.008858667904100823,4.964538486480713,16.048198070807526
causal,0.01438449888287663,260.67155676269533,842.6379986267299
causal,0.01438449888287663,554.2399388671874,1791.6171547293402
causal,0.01438449888287663,200.941468359375,649.5565486402604
causal,0.01438449888287663,250.247238671875,808.9407029102902
causal,0.01438449888287663,311.0794095703125,1005.5847072449983
causal,0.01438449888287663,219.0901288574219,708.2232906114687
causal,0.01438449888287663,279.5058168945312,903.5209866297256
causal,0.01438449888287663,568.589175,1838.0020068664026
causal,0.01438449888287663,226.06686552734374,730.7760520155084
causal,0.01438449888287663,222.69304772949218,719.8699634793473
causal,0.023357214690901212,410358.5234,1326510.9901959244
causal,0.023357214690901212,32052.918025,103613.17141831674
causal,0.023357214690901212,83761.991725,270766.1623872403
causal,0.023357214690901212,56621.14005625,183031.5694182028
causal,0.023357214690901212,173732.5981,561602.0810911749
causal,0.023357214690901212,25378.859225,82038.83619052354
causal,0.023357214690901212,66320.83414375,214386.47025467263
causal,0.023357214690901212,132786.6074,429241.4657492928
causal,0.023357214690901212,150368.9083,486077.41296817706
causal,0.023357214690901212,71827.518425,232187.1903617995
causal,0.03792690190732246,62216937.8368,201120354.78888714
causal,0.03792690190732246,76024430.2848,245753984.73658475
causal,0.03792690190732246,90664286.3872,293078285.0918396
causal,0.03792690190732246,89155678.2208,288201609.7006518
causal,0.03792690190732246,61612896.9856,199167752.9006523
causal,0.03792690190732246,46242481.2224,149481870.26116553
causal,0.03792690190732246,96659968.5504,312459723.1019718
causal,0.03792690190732246,238262102.0672,770197958.4112225
causal,0.03792690190732246,148896839.296,481318852.8292194
causal,0.03792690190732246,78345224.256,253256104.30576062
causal,0.061584821106602614,350669124508.0576,1133561071738.4734
causal,0.061584821106602614,147166473827.1232,475725332332.7944
causal,0.061584821106602614,252506576702.6688,816244162099.0594
causal,0.061584821106602614,142545296267.6736,460787071103.40265
causal,0.061584821106602614,314391313330.9952,1016290654572.7557
causal,0.061584821106602614,326402843135.1808,1055118716829.8833
causal,0.061584821106602614,103991560110.08,336159576339.97375
causal,0.061584821106602614,96274703620.5056,311214328807.715
causal,0.061584821106602614,151622785079.7056,490130652352.24036
causal,0.061584821106602614,287895040137.6256,930639704035.5885
causal,0.09999999999999999,774634528479956.1,2504057200762165.5
causal,0.09999999999999999,3007735785161805.0,9722704286889200.0
causal,0.09999999999999999,661128172646537.6,2137140419741993.5
causal,0.09999999999999999,2242427028532258.5,7248793258671791.0
causal,0.09999999999999999,2079700338843058.2,6722768502362499.0
causal,0.09999999999999999,1082736653104683.4,3500017638067450.5
causal,0.09999999999999999,1463077107695563.5,4729493241134494.0
causal,0.09999999999999999,903140655693090.0,2919461732008067.5
causal,0.09999999999999999,674134037027094.5,2179182734093996.0
causal,0.09999999999999999,857866567692582.9,2773110256702583.5
mag,9.999999999999999e-06,0.31116395111083983,1.0002331342737818
mag,9.999999999999999e-06,0.3110294991016388,0.9998009397535217
mag,9.999999999999999e-06,0.3110783480644226,0.9999579642127395
mag,9.999999999999999e-06,0.3111220682144165,1.000098502159064
mag,9.999999999999999e-06,0.3110343409061432,0.999816503681405
mag,9.999999999999999e-06,0.31104153447151184,0.9998396273189909
mag,9.999999999999999e-06,0.31110878200531006,1.0000557937844927
mag,9.999999999999999e-06,0.3111040027618408,1.000040430958376
mag,9.999999999999999e-06,0.3110970012664795,1.000017924727738
mag,9.999999999999999e-06,0.3111078643798828,1.0000528440875438
mag,1.623776739188721e-05,0.3110145508289337,0.9997528886936017
mag,1.623776739188721e-05,0.31110343060493467,1.0000385917662282
mag,1.623776739188721e-05,0.3110759856700897,0.9999503703218677
mag,1.623776739188721e-05,0.3111046010494232,1.000042354147298
mag,1.623776739188721e-05,0.3110508763790131,0.9998696567789804
mag,1.623776739188721e-05,0.3112224727153778,1.0004212513346455
mag,1.623776739188721e-05,0.31103842325210573,0.9998296263380712
mag,1.623776739188721e-05,0.3110087125778198,0.999734121698937
mag,1.623776739188721e-05,0.31112856636047365,1.0001193903788417
mag,1.623776739188721e-05,0.31113624744415286,1.000144081138731
mag,2.6366508987303552e-05,0.3113349152088165,1.0007826965060296
mag,2.6366508987303552e-05,0.3111715424537659,1.0002575365629967
mag,2.6366508987303552e-05,0.31105032715797426,0.9998678913139286
mag,2.6366508987303552e-05,0.31119992742538455,1.0003487797453352
mag,2.6366508987303552e-05,0.31110514640808107,1.0000441071967683
mag,2.6366508987303552e-05,0.3108336160182953,0.9991712757140196
mag,2.6366508987303552e-05,0.3112433798789978,1.0004884571845576
mag,2.6366508987303552e-05,0.31094685611724854,0.9995352847796493
mag,2.6366508987303552e-05,0.31113161721229554,1.000129197308819
mag,2.6366508987303552e-05,0.31104262690544127,0.9998431389359675
mag,4.281332398719396e-05,0.31127407593727113,1.0005871293297948
mag,4.281332398719396e-05,0.3109352118968964,0.9994978545600578
mag,4.281332398719396e-05,0.3111993014335632,1.0003467675014386
mag,4.281332398719396e-05,0.3113290222644806,1.000763753700598
mag,4.281332398719396e-05,0.3110289644241333,0.9997992210384995
mag,4.281332398719396e-05,0.3112665120601654,1.0005628153291604
mag,4.281332398719396e-05,0.3110137737751007,0.9997503908625126
mag,4.281332398719396e-05,0.3112698433876038,1.0005735238449542
mag,4.281332398719396e-05,0.3111422451019287,1.0001633605443756
mag,4.281332398719396e-05,0.3110276288509369,0.9997949278529954
mag,6.951927961775604e-05,0.3115743297100067,1.0015522918144228
mag,6.951927961775604e-05,0.311711953496933,1.0019946819796606
mag,6.951927961775604e-05,0.31162943058013914,1.00172941296177
mag,6.951927961775604e-05,0.3114507215499878,1.0011549547293392
mag,6.951927961775604e-05,0.31166240568161013,1.001835411066562
mag,6.951927961775604e-05,0.3112182288169861,1.000407609369454
mag,6.951927961775604e-05,0.311784023141861,1.0022263490689072
mag,6.951927961775604e-05,0.31068148522377015,0.9986822529307434
mag,6.951927961775604e-05,0.31137477169036865,1.0009108147321983
mag,6.951927961775604e-05,0.31072403836250306,0.9988190395320706
mag,0.00011288378916846884,0.3106978067398071,0.998734718266408
mag,0.00011288378916846884,0.31138553199768065,1.0009454036229424
mag,0.00011288378916846884,0.31142588677406313,1.00107512361242
mag,0.00011288378916846884,0.31261788444519045,1.0049067871530788
mag,0.00011288378916846884,0.31144655618667605,1.0011415652143074
mag,0.00011288378916846884,0.31267384939193726,1.0050866858652985
mag,0.00011288378916846884,0.3120573450088501,1.0031049392356282
mag,0.00011288378916846884,0.31070430283546446,0.9987555998951979
mag,0.00011288378916846884,0.31154039340019224,1.0014432039158723
mag,0.00011288378916846884,0.3114598806381226,1.0011843965184648
mag,0.00018329807108324357,0.31290169439315796,1.0058190911419573
mag,0.00018329807108324357,0.31253228244781495,1.0046316204641699
mag,0.00018329807108324357,0.3124553451538086,1.0043843063699383
mag,0.00018329807108324357,0.31280757384300234,1.0055165416578489
mag,0.00018329807108324357,0.3135447516918182,1.007886191829747
mag,0.00018329807108324357,0.3119177534580231,1.002656223714748
mag,0.00018329807108324357,0.3115404458999634,1.0014433726758152
mag,0.00018329807108324357,0.31202843980789186,1.0030120237817395
mag,0.00018329807108324357,0.31166945333480833,1.0018580656710638
mag,0.00018329807108324357,0.31280353112220766,1.0055035463758537
mag,0.00029763514416313193,0.31578777713775635,1.0150963727136098
mag,0.00029763514416313193,0.31312187700271604,1.006526865744011
mag,0.00029763514416313193,0.3127194330215454,1.0052332139465618
mag,0.00029763514416313193,0.31535058693885804,1.0136910295774375
mag,0.00029763514416313193,0.31137343883514407,1.0009065302835851
mag,0.00029763514416313193,0.31609791145324706,1.0160932960953888
mag,0.00029763514416313193,0.3133282010555267,1.0071900921662302
mag,0.00029763514416313193,0.31477818961143494,1.0118510645981575
mag,0.00029763514416313193,0.3152513957977295,1.0133721807338327
mag,0.00029763514416313193,0.31375754947662354,1.008570227993006
mag,0.0004832930238571752,0.3175115616321564,1.020637459209944
mag,0.0004832930238571752,0.31897982773780825,1.0253571846265974
mag,0.0004832930238571752,0.32097989478111266,1.0317863783694468
mag,0.0004832930238571752,0.3215751896381378,1.0336999472084258
mag,0.0004832930238571752,0.32422398409843445,1.042214468172732
mag,0.0004832930238571752,0.32040956258773806,1.0299530517410895
mag,0.0004832930238571752,0.3211633718490601,1.0323761634074797
mag,0.0004832930238571752,0.31645193247795106,1.01723129282629
mag,0.0004832930238571752,0.32147603335380553,1.0333812104116131
mag,0.0004832930238571752,0.3197250277042389,1.0277526218082589
mag,0.0007847599703514606,0.3443806586265564,1.1070078790669722
mag,0.0007847599703514606,0.32910728106498716,1.0579117731240524
mag,0.0007847599703514606,0.33858927640914915,1.0883915439599812
mag,0.0007847599703514606,0.3317374237060547,1.0663663380184447
mag,0.0007847599703514606,0.32898397665023804,1.0575154124248325
mag,0.0007847599703514606,0.33662176628112794,1.0820670040669746
mag,0.0007847599703514606,0.3397797371864319,1.0922182671721035
mag,0.0007847599703514606,0.3364936019897461,1.0816550213472116
mag,0.0007847599703514606,0.33200217361450196,1.0672173737177264
mag,0.0007847599703514606,0.33288590602874757,1.0700581219451628
mag,0.0012742749857031334,0.41271431617736815,1.3266656775504888
mag,0.0012742749857031334,0.3770822118759155,1.2121266660776695
mag,0.0012742749857031334,0.39608139362335204,1.2731993290260404
mag,0.0012742749857031334,0.4039216271877289,1.2984016744890652
mag,0.0012742749857031334,0.3979902729511261,1.2793354008497644
mag,0.0012742749857031334,0.4071437502384186,1.3087591539673327
mag,0.0012742749857031334,0.40804351844787595,1.3116514490839506
mag,0.0012742749857031334,0.41430059237480166,1.331764745122804
mag,0.0012742749857031334,0.3788308755397797,1.2177477263934722
mag,0.0012742749857031334,0.40219266562461853,1.2928439463617065
mag,0.00206913808111479,0.677097253036499,2.1765217506562
mag,0.00206913808111479,0.7175470438003541,2.3065471628288243
mag,0.00206913808111479,0.6090348233222962,1.9577358111015377
mag,0.00206913808111479,0.777641865348816,2.4997213126506663
mag,0.00206913808111479,0.8035345839500427,2.5829531747893135
mag,0.00206913808111479,0.7154220851898193,2.2997165065023784
mag,0.00206913808111479,0.7158140862464905,2.3009765896326804
mag,0.00206913808111479,0.6487432886123657,2.08537824060694
mag,0.00206913808111479,0.6459791715621949,2.076493016432604
mag,0.00206913808111479,0.6581136832237243,2.115499272101886
mag,0.003359818286283781,1.8219074296951294,5.856501603913351
mag,0.003359818286283781,1.619730484199524,5.206606013022957
mag,0.003359818286283781,1.5490479200363159,4.979397679798361
mag,0.003359818286283781,1.708998504447937,5.493557092557488
mag,0.003359818286283781,1.7763277885437012,5.709986343500915
mag,0.003359818286283781,1.6783595127105713,5.395068387079078
mag,0.003359818286283781,1.6882707458496093,5.426927938135
mag,0.003359818286283781,1.7247687602996826,5.5442504083563735
mag,0.003359818286283781,2.1066661901473998,6.771855540197678
mag,0.003359818286283781,1.8082571432113648,5.812622906575022
mag,0.005455594781168514,3.2892489433288574,10.573254929587296
mag,0.005455594781168514,3.3472420810699464,10.759673239684142
mag,0.005455594781168514,4.188452655792236,13.463735476761881
mag,0.005455594781168514,5.15138906326294,16.5590840783988
mag,0.005455594781168514,5.228012857818603,16.805390432058196
mag,0.005455594781168514,5.127985479736328,16.483853513866848
mag,0.005455594781168514,5.458563024902344,17.54649143494195
mag,0.005455594781168514,3.6085958854675293,11.599792199459957
mag,0.005455594781168514,3.8028577365875242,12.224244805624368
mag,0.005455594781168514,3.525378763961792,11.332291668078428
mag,0.008858667904100823,217.17011916503907,698.0909844716601
mag,0.008858667904100823,87.84830267944336,282.38741286066175
mag,0.008858667904100823,121.19068693847656,389.56614417743276
mag,0.008858667904100823,205.298028125,659.9282770340881
mag,0.008858667904100823,83.28945578613282,267.73304913860574
mag,0.008858667904100823,126.87344398193359,407.83330484498936
mag,0.008858667904100823,119.5779300415039,384.3819546846531
mag,0.008858667904100823,87.78069244384766,282.1700804941795
mag,0.008858667904100823,269.1303375,865.1165407971579
mag,0.008858667904100823,180.11078569335936,578.9641603644824
mag,0.01438449888287663,46453.39739375,149323.9403437998
mag,0.01438449888287663,113005.767825,363255.8107682333
mag,0.01438449888287663,69855.0594625,224548.32837036724
mag,0.01438449888287663,58419.762175,187789.68969646035
mag,0.01438449888287663,43638.159625,140274.38917596644
mag,0.01438449888287663,47895.61860625,153959.94473487773
mag,0.01438449888287663,48988.9099125,157474.31773991513
mag,0.01438449888287663,29756.128884375,95650.75244616334
mag,0.01438449888287663,80723.7921125,259485.75118327155
mag,0.01438449888287663,30409.02046875,97749.46533835104
mag,0.023357214690901212,168413852.9536,541364497.3768133
mag,0.023357214690901212,70598699.1744,226938750.13082126
mag,0.023357214690901212,87133724.224,280090408.19279766
mag,0.023357214690901212,53445323.4432,171799410.53269935
mag,0.023357214690901212,61308265.984,197074753.75328186
mag,0.023357214690901212,43342369.344,139323574.53694367
mag,0.023357214690901212,42361263.8528,136169821.61340326
mag,0.023357214690901212,21384523.4464,68740317.87867574
mag,0.023357214690901212,100394706.2144,322717690.47422475
mag,0.023357214690901212,99561390.5792,320039006.4343164
mag,0.03792690190732246,119230162167.3984,383264058638.29407
mag,0.03792690190732246,245094757747.9168,787854431276.798
mag,0.03792690190732246,383009876816.6912,1231181080515.6868
mag,0.03792690190732246,145907626357.5552,469018476931.7297
mag,0.03792690190732246,550829120657.8176,1770634213371.9187
mag,0.03792690190732246,164350369385.6768,528302473672.89764
mag,0.03792690190732246,174212591517.696,560004479380.1719
mag,0.03792690190732246,131810233784.7296,423702561936.2215
mag,0.03792690190732246,292796779908.3008,941192062343.4581
mag,0.03792690190732246,245760014155.776,789992890759.5023
mag,0.061584821106602614,720936966632872.4,2317444032879521.0
mag,0.061584821106602614,1301588863773101.2,4183943236676127.0
mag,0.061584821106602614,808628272015133.9,2599326779637081.5
mag,0.061584821106602614,1408403732661115.2,4527298470190449.0
mag,0.061584821106602614,663690664220400.0,2133426416818284.0
mag,0.061584821106602614,1311381030900334.5,4215420051332965.0
mag,0.061584821106602614,572427658612388.6,1840062478557870.0
mag,0.061584821106602614,1451372198465267.2,4665420135867953.0
mag,0.061584821106602614,2740130986144773.0,8808121232578140.0
mag,0.061584821106602614,600837172964517.5,1931384553246090.2
mag,0.09999999999999999,3.2306511634122634e+18,1.0384893003797948e+19
mag,0.09999999999999999,7.900907931835399e+18,2.539738255686714e+19
mag,0.09999999999999999,7.235837559439741e+18,2.325952108313563e+19
mag,0.09999999999999999,8.874152653189473e+18,2.852586712129099e+19
mag,0.09999999999999999,2.7123967864695803e+18,8.718969949569102e+18
mag,0.09999999999999999,4.3417423352795817e+18,1.395648348313629e+19
mag,0.09999999999999999,6.832477056860813e+18,2.1962923137594524e+19
mag,0.09999999999999999,1.1480660946837416e+19,3.690445966312886e+19
mag,0.09999999999999999,2.667152205143505e+18,8.573531735318618e+18
mag,0.09999999999999999,3.429436771561016e+18,1.1023887177696713e+19
base,9.999999999999999e-06,0.2936541927814484,0.9999801829888743
base,9.999999999999999e-06,0.2936630808830261,1.0000104496278688
base,9.999999999999999e-06,0.2936808798789978,1.0000710605222007
base,9.999999999999999e-06,0.2936755786418915,1.00005300822742
base,9.999999999999999e-06,0.2936563188076019,0.9999874227425515
base,9.999999999999999e-06,0.293659902048111,0.9999996247460919
base,9.999999999999999e-06,0.2936586585521698,0.9999953902712253
base,9.999999999999999e-06,0.2936613128185272,1.000004428840478
base,9.999999999999999e-06,0.29364491806030274,0.9999485997948441
base,9.999999999999999e-06,0.2936534381866455,0.9999776133683219
base,1.623776739188721e-05,0.29369857654571535,1.0001313229548765
base,1.623776739188721e-05,0.2936018255710602,0.999801857005749
base,1.623776739188721e-05,0.2936398087978363,0.9999312012310172
base,1.623776739188721e-05,0.29366843209266663,1.0000286720940452
base,1.623776739188721e-05,0.2936595603466034,0.9999984611504598
base,1.623776739188721e-05,0.2936140904903412,0.9998436227170123
base,1.623776739188721e-05,0.29365970029830935,0.9999989377277945
base,1.623776739188721e-05,0.29368433184623716,1.0000828155010721
base,1.623776739188721e-05,0.29364023485183716,0.9999326520720684
base,1.623776739188721e-05,0.2935941112995148,0.999775587608406
base,2.6366508987303552e-05,0.29367826261520386,1.0000621479577219
base,2.6366508987303552e-05,0.2937105642795563,1.0001721447669758
base,2.6366508987303552e-05,0.29350279550552366,0.9994646300718556
base,2.6366508987303552e-05,0.29365484075546266,0.9999823895338149
base,2.6366508987303552e-05,0.29366376090049745,1.0000127652903457
base,2.6366508987303552e-05,0.29357628016471865,0.9997148672717834
base,2.6366508987303552e-05,0.2936857314109802,1.000087581436796
base,2.6366508987303552e-05,0.2936193696975708,0.9998615999934867
base,2.6366508987303552e-05,0.2936634366989136,1.0000116612871777
base,2.6366508987303552e-05,0.2936609056472778,1.000003042300832
base,4.281332398719396e-05,0.2933588171005249,0.998974340624893
base,4.281332398719396e-05,0.29364175786972047,0.999937838402586
base,4.281332398719396e-05,0.29374203128814697,1.000279299324214
base,4.281332398719396e-05,0.2935930929660797,0.9997721198790843
base,4.281332398719396e-05,0.29366250276565553,1.0000084809656522
base,4.281332398719396e-05,0.2937265921115875,1.0002267243193932
base,4.281332398719396e-05,0.29369979767799376,1.0001354812747958
base,4.281332398719396e-05,0.2936225218296051,0.9998723339439833
base,4.281332398719396e-05,0.29372556314468384,1.0002232203799368
base,4.281332398719396e-05,0.29374900155067446,1.0003030351487623
base,6.951927961775604e-05,0.29354787130355836,0.999618126619411
base,6.951927961775604e-05,0.293709318447113,1.000167902335622
base,6.951927961775604e-05,0.29384582862854003,1.0006327602520382
base,6.951927961775604e-05,0.29381096749305724,1.0005140476795764
base,6.951927961775604e-05,0.29357919459342957,0.999724791771509
base,6.951927961775604e-05,0.2936143354415894,0.9998444568491309
base,6.951927961775604e-05,0.2935201780796051,0.9995238229253482
base,6.951927961775604e-05,0.2935784783363342,0.9997223527022946
base,6.951927961775604e-05,0.2937972967147827,1.0004674945987875
base,6.951927961775604e-05,0.2934985788345337,0.9994502710484471
base,0.00011288378916846884,0.29398640131950377,1.0011114522260969
base,0.00011288378916846884,0.2932381429195404,0.9985634090170724
base,0.00011288378916846884,0.294143087720871,1.0016450161940653
base,0.00011288378916846884,0.29422660064697265,1.001929402636275
base,0.00011288378916846884,0.29325702142715454,0.9986276959707839
base,0.00011288378916846884,0.2937776017665863,1.0004004274211835
base,0.00011288378916846884,0.2939137480735779,1.0008640462365295
base,0.00011288378916846884,0.2935494622707367,0.9996235443375612
base,0.00011288378916846884,0.29366544613838197,1.0000185040283904
base,0.00011288378916846884,0.2935055082321167,0.999473867715661
base,0.00018329807108324357,0.2940182946681976,1.00122005859865
base,0.00018329807108324357,0.2939912504196167,1.0011279648594509
base,0.00018329807108324357,0.29368831906318665,1.0000963931649802
base,0.00018329807108324357,0.2933025944232941,0.9987828856263014
base,0.00018329807108324357,0.29324842948913576,0.9985984378571133
base,0.00018329807108324357,0.29359040350914,0.9997629614753945
base,0.00018329807108324357,0.29352655725479126,0.999545545921058
base,0.00018329807108324357,0.29406066403388975,1.0013643389362015
base,0.00018329807108324357,0.2937266508102417,1.0002269242058324
base,0.00018329807108324357,0.29409739847183225,1.0014894306627244
base,0.00029763514416313193,0.29408294706344607,1.0014402193033851
base,0.00029763514416313193,0.2942163052082062,1.001894343594059
base,0.00029763514416313193,0.2941940225601196,1.0018184645258938
base,0.00029763514416313193,0.29446345224380494,1.002735953024329
base,0.00029763514416313193,0.2944396807193756,1.002655003887783
base,0.00029763514416313193,0.2945061391830444,1.0028813147946058
base,0.00029763514416313193,0.29397017250061036,1.0010561882534186
base,0.00029763514416313193,0.2942790088176727,1.002107868101489
base,0.00029763514416313193,0.2940420589923859,1.0013009832162258
base,0.00029763514416313193,0.2940103643894196,1.0011930536322011
base,0.0004832930238571752,0.29493852252960207,1.004353709157229
base,0.0004832930238571752,0.2953305811882019,1.0056887859203278
base,0.0004832930238571752,0.2951864344596863,1.0051979232815451
base,0.0004832930238571752,0.29515053453445433,1.005075673319906
base,0.0004832930238571752,0.29515889739990236,1.0051041513730943
base,0.0004832930238571752,0.2968724478721619,1.0109393022305726
base,0.0004832930238571752,0.2957120780467987,1.0069878966016905
base,0.0004832930238571752,0.29509263744354247,1.0048785164429133
base,0.0004832930238571752,0.29567802529335024,1.00687193681136
base,0.0004832930238571752,0.2948208125114441,1.0039528714086434
base,0.0007847599703514606,0.2992902497768402,1.0191726394363876
base,0.0007847599703514606,0.3011016514778137,1.0253410029364924
base,0.0007847599703514606,0.2989236123561859,1.0179241295768016
base,0.0007847599703514606,0.29945501537323,1.0197337154750694
base,0.0007847599703514606,0.2988178277015686,1.017563901250825
base,0.0007847599703514606,0.3010501575946808,1.025165650893362
base,0.0007847599703514606,0.29918380999565125,1.0188101802088776
base,0.0007847599703514606,0.29982134218215944,1.0209811676090141
base,0.0007847599703514606,0.30000163962841037,1.021595134232772
base,0.0007847599703514606,0.30163309178352354,1.027150715813798
base,0.0012742749857031334,0.3134112343788147,1.0672588071580753
base,0.0012742749857031334,0.31230542316436766,1.063493189885255
base,0.0012742749857031334,0.31520541305541994,1.0733685211190869
base,0.0012742749857031334,0.3108713901519775,1.0586098794153471
base,0.0012742749857031334,0.3083582883834839,1.050052017725975
base,0.0012742749857031334,0.3104591213226318,1.0572059809880683
base,0.0012742749857031334,0.3155696132183075,1.0746087313884494
base,0.0012742749857031334,0.30980946946144106,1.0549937224778823
base,0.0012742749857031334,0.31294629468917845,1.0656755487291134
base,0.0012742749857031334,0.3095557053565979,1.054129579951622
base,0.00206913808111479,0.3498627701282501,1.1913871672665732
base,0.00206913808111479,0.3430917913913727,1.1683299635121025
base,0.00206913808111479,0.3464517799377441,1.1797717274781347
base,0.00206913808111479,0.3560845989704132,1.212574351706818
base,0.00206913808111479,0.35743450775146485,1.2171711940577083
base,0.00206913808111479,0.3490404860973358,1.1885870446873104
base,0.00206913808111479,0.3496112316608429,1.1905306037001413
base,0.00206913808111479,0.3497848882675171,1.191121956282832
base,0.00206913808111479,0.3433652964115143,1.1692613297476706
base,0.00206913808111479,0.3451893792629242,1.1754728763503688
base,0.003359818286283781,0.5373669301986694,1.8298948028035191
base,0.003359818286283781,0.48715550146102904,1.6589098997050387
base,0.003359818286283781,0.5486547707080841,1.8683332691888928
base,0.003359818286283781,0.5002702879428863,1.7035696624748762
base,0.003359818286283781,0.5525850911140442,1.8817171833824216
base,0.003359818286283781,0.541965389919281,1.8455539308048226
base,0.003359818286283781,0.5051088133811951,1.7200462859052024
base,0.003359818286283781,0.5112011509895324,1.740792514040788
base,0.003359818286283781,0.5380416005134583,1.8321922566162825
base,0.003359818286283781,0.49565264592170716,1.687845213014172
base,0.005455594781168514,1.3081898000717163,4.454776767425528
base,0.005455594781168514,1.3437422294616699,4.5758434019943195
base,0.005455594781168514,1.2505941785812378,4.2586464838021945
base,0.005455594781168514,1.3709171297073364,4.6683820491117825
base,0.005455594781168514,1.2267053407669068,4.177297860161922
base,0.005455594781168514,1.3414036527633666,4.567879850265149
base,0.005455594781168514,1.3105829690933228,4.462926222311502
base,0.005455594781168514,1.460610593032837,4.973815065475669
base,0.005455594781168514,1.3929287343978882,4.74333813360644
base,0.005455594781168514,1.3006730852127075,4.429180109570958
base,0.008858667904100823,2.414382318878174,8.221692495409943
base,0.008858667904100823,2.4271218181610106,8.265074293242876
base,0.008858667904100823,2.459904172515869,8.376707995442302
base,0.008858667904100823,2.554347427368164,8.698315469780496
base,0.008858667904100823,2.4521743286132813,8.350385569574753
base,0.008858667904100823,2.5036186935424807,8.525568988440266
base,0.008858667904100823,2.4865489517211916,8.467441422174835
base,0.008858667904100823,2.5028154541015626,8.522833718374804
base,0.008858667904100823,2.5656194053649903,8.736699919575504
base,0.008858667904100823,2.5152058933258057,8.565026862512855
base,0.01438449888287663,74.11595634765625,252.38695517650686
base,0.01438449888287663,109.44028286132813,372.6768313622349
base,0.01438449888287663,209.89564682617188,714.7573318594325
base,0.01438449888287663,124.4958427734375,423.9455069881809
base,0.01438449888287663,201.80189641113282,687.1956956899103
base,0.01438449888287663,95.6008780883789,325.5495270107162
base,0.01438449888287663,159.51712739257812,543.2034350642077
base,0.01438449888287663,65.20872275390624,222.05516595655234
base,0.01438449888287663,81.18580224609374,276.4618908287428
base,0.01438449888287663,214.91658911132814,731.8551391051948
base,0.023357214690901212,151790.6702,516892.5419551818
base,0.023357214690901212,138429.1772,471392.6698485076
base,0.023357214690901212,115454.8054625,393158.07617043273
base,0.023357214690901212,140400.2177,478104.6511119095
base,0.023357214690901212,127587.9484625,434475.04986132117
base,0.023357214690901212,126065.53635,429290.78217413963
base,0.023357214690901212,220411.71505,750567.6832362764
base,0.023357214690901212,245721.1456,836753.8491922631
base,0.023357214690901212,200417.88065,682482.708890818
base,0.023357214690901212,43962.2256125,149704.50105340086
base,0.03792690190732246,627067778.8672,2135352968.4649675
base,0.03792690190732246,1672088294.1952,5693959764.597316
base,0.03792690190732246,377527362.9696,1285593363.8468983
base,0.03792690190732246,593187901.2864,2019981872.0675676
base,0.03792690190732246,1007285432.5248,3430107575.163527
base,0.03792690190732246,920279920.8448,3133827836.5133815
base,0.03792690190732246,383592889.8048,1306248293.296863
base,0.03792690190732246,707170486.6816,2408126599.4471855
base,0.03792690190732246,1390917824.3072,4736490384.485565
base,0.03792690190732246,465533445.2224,1585280343.9704409
base,0.061584821106602614,8410257574540.083,28639437525863.47
base,0.061584821106602614,7836470334822.81,26685520697588.547
base,0.061584821106602614,4867014361769.574,16573636718730.637
base,0.061584821106602614,3370946506889.6255,11479079092577.32
base,0.061584821106602614,11637450281163.162,39628992017636.35
base,0.061584821106602614,11811182062285.62,40220600591763.25
base,0.061584821106602614,4911850351230.976,16726316646510.41
base,0.061584821106602614,4969771873756.774,16923556720441.348
base,0.061584821106602614,3603575289046.6304,12271249536140.41
base,0.061584821106602614,3737873836251.5454,12728576177851.465
base,0.09999999999999999,5.187274800285625e+16,1.7664219110481894e+17
base,0.09999999999999999,4.632161848950312e+16,1.5773893808472963e+17
base,0.09999999999999999,3.509384031488159e+16,1.1950500187809557e+17
base,0.09999999999999999,8.326005842434914e+16,2.8352535228676246e+17
base,0.09999999999999999,6.612442737601014e+16,2.2517341353511395e+17
base,0.09999999999999999,7.04285286930592e+16,2.398301633055101e+17
base,0.09999999999999999,9.415472874176224e+16,3.2062495680600864e+17
base,0.09999999999999999,1.487624359836895e+17,5.065805005125689e+17
base,0.09999999999999999,5.4184016545325256e+16,1.845127504118155e+17
base,0.09999999999999999,2.726131862881404e+16,9.283292750820098e+16
